Band,MAE,RMSE
B02 (Blue),0.02904,0.05775
B03 (Green),0.03176,0.05843
B04 (Red),0.04234,0.06806
B8A (NIR),0.05234,0.07672
Overall,0.03887,0.06524
