Band,MAE,RMSE
B02 (Blue),0.03128,0.04788
B03 (Green),0.03108,0.04780
B04 (Red),0.03944,0.05800
B8A (NIR),0.07080,0.09338
Overall,0.04315,0.06176
